{
  "kfolds": 5,
  "topk": [
    0.05,
    0.1,
    0.2
  ],
  "metrics": {
    "roc_auc": {
      "mean": 0.7444444444444445,
      "std": 0.1632993161855452
    },
    "pr_auc": {
      "mean": 0.8133333333333332,
      "std": 0.11274356350191839
    },
    "recall": {
      "mean": 0.7333333333333332,
      "std": 0.13333333333333336
    },
    "precision": {
      "mean": 0.7,
      "std": 0.25298221281347033
    },
    "f1": {
      "mean": 0.6842857142857144,
      "std": 0.12473645687396044
    },
    "balanced_accuracy": {
      "mean": 0.6333333333333332,
      "std": 0.19436506316151
    },
    "precision@5": {
      "mean": 1.0,
      "std": 0.0
    },
    "recall@5": {
      "mean": 0.3333333333333333,
      "std": 0.0
    },
    "lift@5": {
      "mean": 1.9333333333333331,
      "std": 0.1333333333333333
    },
    "cost@5": {
      "mean": 500.0,
      "std": 0.0
    },
    "precision@10": {
      "mean": 1.0,
      "std": 0.0
    },
    "recall@10": {
      "mean": 0.3333333333333333,
      "std": 0.0
    },
    "lift@10": {
      "mean": 1.9333333333333331,
      "std": 0.1333333333333333
    },
    "cost@10": {
      "mean": 500.0,
      "std": 0.0
    },
    "precision@20": {
      "mean": 0.9,
      "std": 0.2
    },
    "recall@20": {
      "mean": 0.5333333333333333,
      "std": 0.1632993161855452
    },
    "lift@20": {
      "mean": 1.7333333333333332,
      "std": 0.38873012632302
    },
    "cost@20": {
      "mean": 790.0,
      "std": 257.6819745345025
    },
    "cost@budget": {
      "mean": 500.0,
      "std": 0.0
    }
  },
  "best_model": "rf"
}