fraud_score,prediction,actual
66.66666666666666,1,1
61.66666666666667,1,1
54.333333333333336,1,1
49.333333333333336,1,2
41.66666666666667,1,2
41.333333333333336,1,3
